Model,MAE,RMSE,R2,MAPE
Ridge (alpha=1),3.390977151511442,9.663297398058715,0.9934831118524764,1.0088827583012356
Lasso (alpha=0.001),3.5045307009689477,11.149572572027921,0.9913242702910735,1.0399690102283072
ElasticNet (l1_ratio=0.5),3.357074389104636,9.52862367861311,0.9936634928895707,1.0007735202532193
Polynomial (deg=2) + Ridge,10.175551279597995,31.081372769968468,0.9325798118960562,2.7233942733315164
